{
    "prepare_queue": {
        "installed": [],
        "uninstalled": []
    },
    "config_munge": {
        "files": {}
    },
    "installed_plugins": {
        "cordova-plugin-whitelist": {
            "PACKAGE_NAME": "fje.clot.restaurants"
        },
        "cordova-plugin-compat": {
            "PACKAGE_NAME": "fje.clot.restaurants"
        },
        "cordova-plugin-geolocation": {
            "PACKAGE_NAME": "fje.clot.restaurants"
        }
    },
    "dependent_plugins": {},
    "modules": [],
    "plugin_metadata": {
        "cordova-plugin-whitelist": "1.2.2",
        "cordova-plugin-compat": "1.0.0",
        "cordova-plugin-geolocation": "2.2.0"
    }
}